U0_v1,U0_v2,U0_v3,U0_v4,U0_v5,U0_v6,U0_v7,U0_v8,U0_v9,U0_v10,U1_v1,U1_v2,U1_v3,U1_v4,U1_v5,U1_v6,U1_v7,U1_v8,U1_v9,U1_v10,U2_v1,U2_v2,U2_v3,U2_v4,U2_v5,U2_v6,U2_v7,U2_v8,U2_v9,U2_v10,U3_v1,U3_v2,U3_v3,U3_v4,U3_v5,U3_v6,U3_v7,U3_v8,U3_v9,U3_v10
4.644,4.12,3.576,3.108,2.498,2.231,1.725,1.124,0.714,0.027,4.625,4.12,3.614,3.175,2.736,2.24,1.697,1.21,0.647,0.066,4.539,4.081,3.547,3.07,2.66,2.155,1.62,1.124,0.628,-0.001,4.625,3.938,3.538,3.042,2.479,2.193,1.563,1.163,0.666,-0.011
4.625,4.129,3.585,3.108,2.508,2.202,1.725,1.182,0.705,0.094,4.654,4.053,3.662,3.185,2.736,2.231,1.706,1.22,0.666,0.056,4.568,4.081,3.538,3.051,2.555,2.174,1.639,1.105,0.638,-0.039,4.577,3.967,3.538,3.042,2.45,2.183,1.563,1.172,0.666,-0.03
4.673,4.101,3.595,3.128,2.517,2.202,1.716,1.153,0.714,0.085,4.625,4.11,3.633,3.166,2.689,2.269,1.725,1.239,0.647,0.037,4.539,4.053,3.557,3.08,2.546,2.145,1.611,1.115,0.638,-0.001,4.616,4.015,3.557,3.042,2.45,2.193,1.582,1.172,0.657,-0.001
4.644,4.12,3.557,3.128,2.479,2.164,1.697,1.153,0.724,0.046,4.606,4.053,3.624,3.175,2.679,2.259,1.668,1.201,0.638,0.037,4.52,4.053,3.566,3.08,2.517,2.183,1.62,1.115,0.6,0.008,4.616,3.938,3.538,3.089,2.45,2.193,1.582,1.191,0.657,-0.001
4.635,4.101,3.585,3.108,2.479,2.183,1.697,1.182,0.695,0.075,4.597,4.11,3.614,3.166,2.698,2.259,1.678,1.229,0.657,0.046,4.568,4.091,3.557,3.089,2.479,2.164,1.639,1.124,0.59,-0.02,4.644,3.938,3.528,3.042,2.431,2.183,1.582,1.182,0.647,-0.001
4.654,4.12,3.576,3.108,2.498,2.155,1.687,1.182,0.695,0.132,4.625,4.11,3.633,3.194,2.717,2.221,1.687,1.21,0.676,0.027,4.539,4.11,3.585,3.099,2.498,2.174,1.639,1.124,0.647,0.008,4.625,3.938,3.538,3.051,2.431,2.212,1.563,1.172,0.619,0.008
4.616,4.101,3.576,3.108,2.536,2.164,1.706,1.21,0.695,0.056,4.644,4.081,3.614,3.175,2.689,2.24,1.725,1.182,0.647,0.037,4.587,4.091,3.547,3.08,2.479,2.145,1.592,1.115,0.619,0.037,4.616,3.957,3.519,3.07,2.46,2.202,1.592,1.201,0.686,-0.011
4.635,4.12,3.585,3.128,2.527,2.193,1.678,1.201,0.695,0.113,4.654,4.072,3.614,3.166,2.727,2.231,1.716,1.191,0.657,0.094,4.558,4.091,3.585,3.061,2.508,2.164,1.601,1.143,0.562,0.046,4.625,3.938,3.49,3.061,2.45,2.183,1.582,1.172,0.628,-0.011
4.597,4.11,3.566,3.108,2.508,2.202,1.697,1.191,0.714,0.104,4.625,4.081,3.595,3.175,2.736,2.25,1.687,1.22,0.666,0.046,4.539,4.072,3.557,3.07,2.622,2.164,1.639,1.134,0.6,-0.049,4.577,3.938,3.557,3.061,2.45,2.193,1.582,1.201,0.686,-0.001
4.625,4.12,3.585,3.118,2.527,2.231,1.706,1.191,0.695,0.066,4.616,4.101,3.643,3.175,2.66,2.231,1.716,1.191,0.657,0.056,4.539,4.11,3.557,3.08,2.632,2.164,1.601,1.134,0.686,0.027,4.597,3.957,3.538,3.061,2.46,2.221,1.535,1.182,0.705,0.018
4.606,4.081,3.595,3.128,2.508,2.193,1.706,1.191,0.705,0.094,4.625,4.072,3.643,3.166,2.689,2.259,1.716,1.22,0.628,0.056,4.558,4.12,3.585,3.07,2.66,2.164,1.601,1.153,0.6,-0.001,4.577,3.929,3.557,3.051,2.45,2.193,1.601,1.201,0.666,-0.03
4.644,4.129,3.595,3.118,2.508,2.174,1.725,1.163,0.724,0.056,4.587,4.062,3.633,3.175,2.689,2.231,1.697,1.21,0.609,0.075,4.558,4.12,3.566,3.089,2.67,2.155,1.611,1.105,0.609,0.037,4.644,3.967,3.576,3.07,2.46,2.164,1.592,1.21,0.705,-0.011
4.625,4.129,3.576,3.137,2.527,2.164,1.687,1.201,0.638,0.056,4.654,4.053,3.643,3.175,2.689,2.231,1.706,1.22,0.647,0.066,4.558,4.091,3.566,3.07,2.536,2.145,1.62,1.143,0.638,-0.001,4.587,3.929,3.538,3.032,2.45,2.183,1.563,1.163,0.695,-0.049
4.606,4.11,3.585,3.07,2.498,2.183,1.687,1.163,0.714,0.056,4.625,4.081,3.624,3.185,2.717,2.221,1.716,1.22,0.695,0.037,4.577,4.11,3.557,3.108,2.565,2.145,1.592,1.124,0.59,0.018,4.606,3.967,3.538,3.061,2.45,2.202,1.592,1.22,0.705,-0.011
4.644,4.12,3.585,3.108,2.517,2.25,1.706,1.191,0.705,0.085,4.654,4.081,3.643,3.166,2.727,2.231,1.716,1.22,0.657,0.046,4.511,4.081,3.566,3.089,2.527,2.145,1.639,1.105,0.647,-0.039,4.635,3.977,3.528,3.051,2.45,2.183,1.554,1.191,0.714,-0.011
4.616,4.129,3.566,3.128,2.517,2.231,1.678,1.182,0.724,0.046,4.625,4.11,3.585,3.166,2.717,2.231,1.697,1.21,0.676,0.056,4.577,4.091,3.557,3.061,2.555,2.164,1.601,1.124,0.638,0.008,4.587,3.967,3.547,3.061,2.431,2.212,1.573,1.191,0.647,-0.039
4.635,4.081,3.595,3.118,2.517,2.183,1.697,1.201,0.733,0.094,4.635,4.053,3.614,3.175,2.727,2.24,1.725,1.22,0.638,0.056,4.587,4.081,3.538,3.08,2.603,2.155,1.592,1.143,0.609,-0.011,4.616,3.938,3.528,3.07,2.479,2.202,1.592,1.191,0.676,-0.02
4.654,4.12,3.576,3.118,2.527,2.193,1.716,1.163,0.666,0.037,4.606,4.043,3.662,3.175,2.736,2.259,1.706,1.21,0.647,0.056,4.558,4.072,3.557,3.07,2.612,2.164,1.62,1.143,0.6,-0.011,4.616,3.938,3.538,3.08,2.469,2.174,1.582,1.191,0.676,-0.011
4.625,4.158,3.604,3.089,2.517,2.221,1.706,1.182,0.752,0.104,4.606,4.12,3.595,3.156,2.708,2.259,1.716,1.182,0.666,0.056,4.558,4.091,3.566,3.08,2.593,2.155,1.659,1.134,0.609,-0.001,4.597,3.967,3.538,3.061,2.45,2.193,1.582,1.172,0.657,-0.02
4.597,4.11,3.585,3.128,2.469,2.231,1.687,1.163,0.695,0.104,4.644,4.072,3.652,3.156,2.765,2.24,1.716,1.248,0.657,0.008,4.549,4.043,3.576,3.108,2.546,2.183,1.62,1.134,0.571,-0.001,4.597,3.967,3.557,3.051,2.441,2.193,1.582,1.182,0.676,-0.049
4.606,4.139,3.576,3.099,2.527,2.193,1.706,1.153,0.733,0.094,4.625,4.053,3.652,3.156,2.717,2.25,1.706,1.229,0.666,0.075,4.539,4.11,3.576,3.089,2.622,2.135,1.639,1.143,0.638,-0.011,4.654,3.929,3.557,3.051,2.441,2.183,1.592,1.21,0.657,-0.001
4.625,4.101,3.595,3.089,2.479,2.164,1.697,1.172,0.733,0.046,4.616,4.101,3.633,3.156,2.698,2.259,1.725,1.22,0.657,0.037,4.539,4.091,3.566,3.089,2.612,2.174,1.601,1.163,0.638,-0.02,4.616,3.957,3.528,3.08,2.479,2.164,1.582,1.182,0.666,-0.001
4.644,4.12,3.566,3.099,2.527,2.212,1.687,1.172,0.714,0.094,4.663,4.053,3.643,3.194,2.717,2.25,1.716,1.191,0.638,0.085,4.549,4.072,3.528,3.061,2.612,2.174,1.592,1.143,0.638,0.008,4.606,3.957,3.547,3.061,2.45,2.164,1.582,1.182,0.657,-0.02
4.654,4.158,3.604,3.089,2.508,2.212,1.697,1.124,0.714,0.066,4.625,4.072,3.643,3.175,2.689,2.212,1.725,1.191,0.676,0.066,4.568,4.072,3.595,3.061,2.603,2.164,1.639,1.115,0.638,0.037,4.606,3.967,3.538,3.032,2.46,2.193,1.611,1.191,0.695,-0.02
4.644,4.139,3.585,3.089,2.498,2.24,1.697,1.182,0.733,0.123,4.635,4.11,3.633,3.156,2.67,2.231,1.706,1.201,0.666,0.056,4.568,4.062,3.557,3.061,2.622,2.145,1.592,1.163,0.638,0.008,4.644,3.948,3.557,3.061,2.46,2.164,1.601,1.21,0.647,-0.011
4.625,4.139,3.566,3.108,2.498,2.193,1.678,1.172,0.705,0.066,4.606,4.081,3.624,3.156,2.717,2.259,1.697,1.229,0.647,0.094,4.539,4.11,3.604,3.07,2.612,2.164,1.62,1.134,0.638,0.027,4.673,3.957,3.538,3.08,2.45,2.202,1.592,1.182,0.647,-0.03
4.654,4.11,3.585,3.108,2.498,2.212,1.716,1.143,0.705,0.123,4.654,4.053,3.624,3.185,2.717,2.24,1.716,1.21,0.647,0.037,4.577,4.062,3.566,3.07,2.574,2.145,1.592,1.134,0.647,0.046,4.625,3.938,3.538,3.07,2.469,2.164,1.592,1.191,0.666,-0.011
4.625,4.091,3.547,3.118,2.517,2.193,1.697,1.172,0.705,0.046,4.606,4.091,3.633,3.175,2.727,2.221,1.697,1.21,0.628,0.085,4.549,4.081,3.576,3.061,2.67,2.183,1.611,1.134,0.59,-0.02,4.654,3.957,3.5,3.051,2.488,2.202,1.582,1.182,0.628,-0.03
4.616,4.129,3.595,3.118,2.469,2.212,1.697,1.191,0.666,0.075,4.663,4.053,3.671,3.166,2.736,2.24,1.716,1.21,0.676,0.085,4.577,4.015,3.576,3.108,2.622,2.155,1.639,1.124,0.552,0.046,4.625,3.957,3.519,3.08,2.441,2.183,1.62,1.191,0.638,-0.039
4.635,4.12,3.566,3.099,2.498,2.183,1.725,1.182,0.705,0.085,4.616,4.072,3.614,3.175,2.717,2.212,1.735,1.229,0.647,0.075,4.539,4.11,3.576,3.07,2.641,2.135,1.63,1.143,0.628,-0.001,4.597,3.957,3.547,3.051,2.46,2.193,1.554,1.22,0.676,-0.049
4.673,4.101,3.614,3.128,2.527,2.183,1.697,1.182,0.686,0.085,4.625,4.053,3.652,3.156,2.736,2.259,1.697,1.21,0.666,0.075,4.549,4.11,3.557,3.08,2.622,2.164,1.649,1.143,0.628,0.037,4.587,3.938,3.538,3.08,2.469,2.183,1.582,1.172,0.638,0.037
4.635,4.12,3.604,3.099,2.498,2.25,1.706,1.182,0.714,0.085,4.635,4.053,3.595,3.156,2.708,2.24,1.716,1.201,0.666,0.056,4.549,4.11,3.595,3.07,2.593,2.174,1.601,1.124,0.638,-0.011,4.597,3.977,3.519,3.051,2.479,2.183,1.582,1.201,0.657,-0.011
4.635,4.091,3.576,3.051,2.508,2.183,1.725,1.182,0.676,0.094,4.663,4.043,3.614,3.156,2.717,2.25,1.687,1.22,0.638,0.094,4.539,4.072,3.538,3.051,2.603,2.145,1.639,1.124,0.609,-0.02,4.616,3.967,3.585,3.07,2.45,2.202,1.592,1.22,0.657,0.027
4.616,4.081,3.604,3.108,2.479,2.212,1.678,1.182,0.752,0.056,4.673,4.101,3.624,3.204,2.689,2.259,1.716,1.172,0.666,0.056,4.577,4.11,3.604,3.07,2.651,2.155,1.649,1.124,0.59,0.037,4.625,3.938,3.528,3.032,2.479,2.202,1.582,1.191,0.686,-0.001
4.644,4.12,3.624,3.156,2.488,2.164,1.678,1.172,0.714,0.056,4.635,4.081,3.624,3.166,2.727,2.231,1.716,1.229,0.666,0.056,4.577,4.129,3.595,3.108,2.574,2.164,1.601,1.124,0.609,0.018,4.597,3.967,3.557,3.042,2.431,2.212,1.582,1.201,0.666,-0.001
4.654,4.101,3.585,3.108,2.469,2.164,1.706,1.201,0.714,0.094,4.663,4.081,3.614,3.156,2.736,2.24,1.716,1.201,0.657,0.075,4.577,4.129,3.576,3.08,2.679,2.174,1.63,1.124,0.666,0.018,4.635,3.977,3.538,3.032,2.45,2.183,1.582,1.191,0.647,0.008
4.644,4.129,3.585,3.108,2.488,2.174,1.678,1.153,0.695,0.094,4.644,4.062,3.624,3.175,2.708,2.269,1.725,1.21,0.676,0.085,4.558,4.11,3.557,3.089,2.641,2.164,1.592,1.143,0.619,0.008,4.625,3.957,3.519,3.07,2.479,2.183,1.592,1.201,0.657,-0.02
4.616,4.081,3.604,3.099,2.479,2.193,1.678,1.182,0.714,0.085,4.606,4.072,3.614,3.175,2.622,2.259,1.716,1.201,0.647,0.066,4.558,4.081,3.566,3.099,2.66,2.164,1.62,1.143,0.647,0.018,4.635,3.929,3.566,3.07,2.479,2.174,1.582,1.201,0.666,-0.001
4.635,4.091,3.595,3.099,2.517,2.174,1.678,1.153,0.714,0.046,4.663,4.043,3.624,3.204,2.708,2.24,1.716,1.21,0.657,0.066,4.568,4.11,3.576,3.061,2.632,2.164,1.62,1.143,0.638,0.008,4.625,4.005,3.538,3.051,2.45,2.202,1.582,1.191,0.686,-0.001
4.625,4.101,3.566,3.089,2.498,2.193,1.678,1.163,0.676,0.027,4.587,4.062,3.614,3.175,2.66,2.24,1.706,1.258,0.657,0.075,4.568,4.101,3.557,3.042,2.612,2.164,1.649,1.143,0.609,0.008,4.616,3.938,3.547,3.108,2.422,2.174,1.592,1.182,0.666,-0.001
4.644,4.12,3.585,3.128,2.527,2.212,1.678,1.182,0.733,0.018,4.616,4.053,3.633,3.166,2.67,2.231,1.725,1.229,0.657,0.066,4.558,4.072,3.585,3.07,2.584,2.155,1.611,1.153,0.638,0.008,4.625,3.957,3.528,3.051,2.441,2.212,1.582,1.182,0.686,-0.039
4.625,4.129,3.624,3.128,2.527,2.164,1.678,1.172,0.724,0.075,4.558,4.043,3.633,3.156,2.67,2.259,1.725,1.21,0.666,0.075,4.568,4.12,3.585,3.08,2.565,2.164,1.592,1.153,0.59,0.018,4.635,3.938,3.557,3.061,2.46,2.183,1.582,1.191,0.657,-0.011
4.654,4.072,3.595,3.099,2.508,2.202,1.678,1.182,0.695,0.075,4.616,4.062,3.643,3.166,2.689,2.231,1.706,1.191,0.676,0.085,4.587,4.062,3.585,3.108,2.612,2.164,1.601,1.153,0.581,0.066,4.625,3.957,3.519,3.042,2.469,2.183,1.582,1.191,0.676,0.018
4.644,4.12,3.566,3.118,2.527,2.174,1.687,1.172,0.676,0.066,4.663,4.101,3.652,3.156,2.603,2.231,1.725,1.229,0.647,0.085,4.558,4.072,3.576,3.08,2.632,2.145,1.63,1.124,0.638,0.008,4.597,3.948,3.509,3.07,2.441,2.202,1.592,1.191,0.705,-0.02
4.625,4.12,3.604,3.128,2.498,2.202,1.687,1.172,0.695,0.094,4.616,4.072,3.643,3.156,2.651,2.231,1.706,1.201,0.657,0.075,4.577,4.081,3.557,3.061,2.67,2.164,1.62,1.143,0.609,0.008,4.616,3.986,3.538,3.032,2.46,2.174,1.601,1.191,0.666,-0.02
4.635,4.12,3.633,3.118,2.488,2.193,1.716,1.182,0.752,0.075,4.625,4.091,3.643,3.156,2.66,2.259,1.735,1.191,0.638,0.085,4.558,4.101,3.585,3.051,2.612,2.174,1.62,1.163,0.628,0.037,4.625,3.967,3.49,3.051,2.488,2.145,1.601,1.201,0.638,-0.039
4.625,4.11,3.614,3.108,2.527,2.212,1.697,1.191,0.762,0.104,4.644,4.11,3.633,3.175,2.66,2.259,1.725,1.191,0.666,0.046,4.549,4.081,3.595,3.099,2.641,2.155,1.611,1.124,0.638,0.066,4.625,3.938,3.538,3.051,2.46,2.183,1.573,1.191,0.638,-0.02
4.635,4.101,3.595,3.118,2.517,2.202,1.678,1.182,0.743,0.094,4.625,4.081,3.624,3.156,2.708,2.25,1.706,1.22,0.695,0.046,4.587,4.062,3.585,3.08,2.593,2.164,1.62,1.143,0.6,0.018,4.635,3.977,3.557,3.07,2.441,2.164,1.601,1.182,0.657,-0.02
4.635,4.148,3.595,3.089,2.469,2.183,1.678,1.182,0.686,0.075,4.635,4.11,3.614,3.156,2.708,2.231,1.725,1.201,0.657,0.056,4.577,4.101,3.519,3.07,2.66,2.155,1.611,1.153,0.619,-0.001,4.616,3.938,3.576,3.07,2.46,2.174,1.573,1.191,0.714,-0.03
4.625,4.11,3.614,3.108,2.508,2.202,1.678,1.172,0.695,0.056,4.597,4.091,3.643,3.175,2.689,2.259,1.744,1.201,0.647,0.046,4.558,4.062,3.576,3.051,2.612,2.164,1.601,1.163,0.628,0.027,4.587,3.967,3.538,3.032,2.45,2.193,1.592,1.201,0.676,-0.001
4.635,4.139,3.604,3.118,2.469,2.221,1.687,1.163,0.714,0.104,4.625,4.053,3.614,3.156,2.66,2.24,1.735,1.248,0.638,0.085,4.549,4.062,3.585,3.099,2.622,2.174,1.611,1.124,0.638,0.008,4.597,3.977,3.509,3.07,2.441,2.183,1.592,1.182,0.676,-0.039
4.625,4.11,3.595,3.099,2.498,2.164,1.697,1.191,0.705,0.066,4.644,4.072,3.662,3.175,2.612,2.269,1.725,1.21,0.647,0.056,4.558,4.062,3.547,3.089,2.622,2.183,1.611,1.115,0.638,-0.011,4.625,3.957,3.538,3.051,2.45,2.193,1.611,1.201,0.666,-0.02
4.625,4.12,3.614,3.089,2.517,2.193,1.706,1.153,0.638,0.104,4.635,4.053,3.614,3.166,2.832,2.24,1.725,1.239,0.666,0.056,4.587,4.091,3.576,3.061,2.584,2.174,1.611,1.143,0.647,0.037,4.606,3.967,3.547,3.07,2.46,2.183,1.582,1.172,0.666,-0.03
4.616,4.12,3.576,3.07,2.527,2.183,1.716,1.172,0.724,0.104,4.625,4.101,3.604,3.175,2.727,2.231,1.697,1.21,0.666,0.085,4.558,4.062,3.566,3.099,2.632,2.155,1.601,1.134,0.666,0.037,4.606,3.967,3.538,3.061,2.479,2.193,1.582,1.201,0.657,-0.02
4.616,4.158,3.614,3.128,2.546,2.231,1.706,1.182,0.705,0.142,4.644,4.091,3.633,3.194,2.651,2.221,1.716,1.21,0.724,0.066,4.568,4.091,3.576,3.089,2.66,2.155,1.611,1.124,0.638,0.018,4.625,3.957,3.538,3.07,2.441,2.193,1.582,1.153,0.638,-0.02
4.635,4.129,3.614,3.099,2.546,2.212,1.697,1.182,0.714,0.142,4.644,4.034,3.643,3.185,2.708,2.231,1.716,1.21,0.695,0.056,4.568,4.072,3.557,3.08,2.612,2.174,1.582,1.143,0.666,-0.001,4.625,3.957,3.566,3.07,2.45,2.164,1.601,1.191,0.657,-0.001
4.635,4.101,3.614,3.108,2.498,2.212,1.706,1.191,0.705,0.132,4.644,4.081,3.614,3.166,2.717,2.269,1.697,1.21,0.714,0.066,4.577,4.081,3.547,3.08,2.679,2.155,1.592,1.143,0.666,0.056,4.616,3.919,3.557,3.051,2.45,2.164,1.592,1.182,0.666,0.027
4.625,4.129,3.604,3.108,2.498,2.183,1.697,1.191,0.705,0.132,4.616,4.081,3.614,3.147,2.708,2.221,1.706,1.22,0.686,0.066,4.577,4.091,3.566,3.128,2.555,2.164,1.601,1.163,0.638,0.027,4.616,3.977,3.538,3.07,2.45,2.155,1.582,1.172,0.676,0.018
4.654,4.139,3.576,3.099,2.517,2.212,1.697,1.143,0.676,0.075,4.663,4.081,3.652,3.166,2.689,2.259,1.725,1.229,0.724,0.056,4.558,4.11,3.538,3.08,2.641,2.164,1.63,1.143,0.6,0.056,4.635,3.977,3.547,3.061,2.45,2.183,1.611,1.201,0.647,-0.02
4.663,4.158,3.604,3.108,2.508,2.25,1.706,1.163,0.705,0.056,4.625,4.101,3.643,3.166,2.746,2.221,1.763,1.22,0.666,0.123,4.539,4.11,3.614,3.08,2.66,2.193,1.639,1.134,0.609,0.008,4.644,3.919,3.538,3.061,2.45,2.164,1.63,1.191,0.676,-0.001
4.625,4.139,3.614,3.128,2.479,2.193,1.697,1.191,0.743,0.104,4.692,4.081,3.624,3.137,2.727,2.25,1.735,1.22,0.686,0.056,4.568,4.043,3.566,3.07,2.736,2.183,1.62,1.143,0.609,-0.011,4.635,4.005,3.5,3.07,2.45,2.183,1.573,1.22,0.638,0.037
4.644,4.11,3.595,3.099,2.508,2.221,1.716,1.182,0.733,0.056,4.673,4.043,3.624,3.147,2.66,2.25,1.697,1.229,0.676,0.066,4.558,4.11,3.557,3.089,2.66,2.164,1.62,1.163,0.638,-0.001,4.625,3.967,3.509,3.07,2.45,2.164,1.573,1.191,0.676,-0.001
4.616,4.11,3.576,3.128,2.498,2.221,1.697,1.163,0.724,0.046,4.654,4.072,3.643,3.156,2.756,2.231,1.697,1.22,0.705,0.085,4.558,4.091,3.557,3.108,2.603,2.174,1.63,1.105,0.6,0.046,4.625,3.938,3.528,3.08,2.46,2.174,1.582,1.201,0.666,-0.001
4.597,4.205,3.595,3.118,2.527,2.183,1.697,1.163,0.695,0.085,4.644,4.101,3.604,3.175,2.717,2.259,1.706,1.22,0.705,0.056,4.568,4.062,3.547,3.07,2.67,2.183,1.592,1.134,0.666,0.046,4.597,3.957,3.528,3.07,2.46,2.174,1.62,1.201,0.686,-0.001
4.654,4.11,3.614,3.108,2.498,2.231,1.716,1.172,0.705,0.018,4.654,4.101,3.624,3.156,2.727,2.24,1.725,1.21,0.743,0.056,4.568,4.081,3.538,3.07,2.574,2.174,1.601,1.134,0.619,-0.02,4.616,3.977,3.538,3.061,2.431,2.212,1.582,1.21,0.666,-0.001
4.625,4.12,3.576,3.137,2.488,2.231,1.706,1.201,0.714,0.075,4.616,4.101,3.681,3.147,2.679,2.259,1.678,1.201,0.743,0.056,4.558,4.081,3.595,3.08,2.651,2.145,1.649,1.105,0.571,-0.001,4.606,3.967,3.538,3.042,2.45,2.183,1.611,1.172,0.638,0.008
4.654,4.091,3.595,3.108,2.498,2.212,1.697,1.201,0.714,0.123,4.597,4.081,3.643,3.175,2.689,2.269,1.716,1.22,0.724,0.037,4.549,4.091,3.566,3.089,2.66,2.145,1.62,1.105,0.657,0.008,4.616,3.957,3.528,3.042,2.45,2.193,1.582,1.191,0.676,0.008
4.654,4.129,3.604,3.108,2.527,2.193,1.697,1.182,0.695,0.094,4.644,4.12,3.652,3.166,2.717,2.231,1.725,1.201,0.724,0.075,4.549,4.101,3.595,3.08,2.698,2.164,1.592,1.105,0.628,0.046,4.635,3.938,3.538,3.07,2.469,2.193,1.611,1.191,0.647,-0.011
4.616,4.12,3.604,3.118,2.508,2.193,1.716,1.182,0.705,0.094,4.635,4.139,3.652,3.166,2.717,2.231,1.706,1.191,0.705,0.113,4.558,4.101,3.547,3.08,2.632,2.155,1.611,1.134,0.638,0.018,4.597,3.938,3.538,3.051,2.441,2.164,1.62,1.172,0.676,0.027
4.606,4.129,3.624,3.118,2.498,2.174,1.697,1.172,0.705,0.037,4.644,4.091,3.652,3.137,2.651,2.259,1.716,1.22,0.714,0.056,4.558,4.11,3.566,3.07,2.679,2.164,1.611,1.134,0.6,-0.011,4.644,3.957,3.547,3.089,2.469,2.164,1.601,1.201,0.638,-0.03
4.616,4.129,3.614,3.08,2.479,2.221,1.706,1.163,0.695,0.075,4.682,4.081,3.643,3.156,2.698,2.24,1.725,1.191,0.705,0.075,4.549,4.12,3.557,3.089,2.603,2.155,1.697,1.134,0.628,0.066,4.654,3.929,3.538,3.042,2.441,2.212,1.62,1.21,0.666,0.018
4.635,4.12,3.624,3.128,2.517,2.202,1.706,1.163,0.714,0.094,4.673,4.101,3.624,3.175,2.689,2.259,1.716,1.191,0.724,0.037,4.597,4.072,3.566,3.07,2.641,2.183,1.639,1.124,0.638,0.018,4.625,3.938,3.509,3.089,2.45,2.174,1.592,1.21,0.638,-0.03
4.635,4.148,3.614,3.108,2.479,2.221,1.716,1.182,0.676,0.113,4.654,4.053,3.643,3.175,2.717,2.24,1.706,1.201,0.638,0.066,4.558,4.053,3.576,3.089,2.612,2.174,1.62,1.143,0.666,-0.02,4.644,3.957,3.528,3.061,2.431,2.193,1.592,1.191,0.695,-0.001
4.644,4.12,3.595,3.108,2.469,2.193,1.706,1.172,0.714,0.085,4.625,4.12,3.624,3.166,2.717,2.25,1.706,1.201,0.714,0.018,4.606,4.072,3.595,3.042,2.632,2.164,1.649,1.143,0.609,0.027,4.616,3.977,3.557,3.07,2.441,2.183,1.62,1.22,0.666,-0.02
4.625,4.129,3.595,3.128,2.469,2.193,1.716,1.163,0.686,0.075,4.635,4.101,3.614,3.175,2.746,2.269,1.725,1.258,0.686,0.056,4.568,4.091,3.566,3.108,2.622,2.164,1.611,1.124,0.657,0.037,4.568,3.948,3.509,3.08,2.45,2.193,1.611,1.191,0.628,0.018
4.606,4.12,3.614,3.099,2.517,2.231,1.706,1.163,0.686,0.085,4.616,4.081,3.652,3.166,2.698,2.24,1.716,1.229,0.714,0.094,4.558,4.11,3.576,3.099,2.632,2.174,1.611,1.134,0.638,0.027,4.577,3.977,3.547,3.061,2.479,2.193,1.582,1.22,0.657,-0.039
4.625,4.101,3.614,3.118,2.469,2.221,1.697,1.143,0.724,0.056,4.644,4.101,3.643,3.175,2.679,2.231,1.744,1.22,0.705,0.056,4.597,4.053,3.566,3.108,2.727,2.145,1.62,1.115,0.609,0.027,4.616,3.948,3.547,3.128,2.469,2.212,1.601,1.201,0.676,-0.001
4.606,4.129,3.604,3.099,2.508,2.202,1.687,1.172,0.724,0.085,4.625,4.062,3.643,3.185,2.727,2.231,1.735,1.239,0.724,0.056,4.568,4.101,3.576,3.099,2.593,2.155,1.601,1.143,0.647,0.046,4.616,3.957,3.557,3.061,2.46,2.193,1.592,1.21,0.666,-0.02
4.644,4.12,3.614,3.108,2.517,2.221,1.706,1.153,0.752,0.085,4.597,4.101,3.614,3.156,2.698,2.24,1.706,1.239,0.705,0.056,4.558,4.081,3.576,3.108,2.622,2.155,1.62,1.134,0.647,-0.011,4.606,3.967,3.528,3.061,2.45,2.212,1.563,1.21,0.657,-0.011
4.625,4.129,3.624,3.137,2.517,2.212,1.725,1.191,0.695,0.075,4.597,4.062,3.633,3.166,2.708,2.259,1.687,1.21,0.695,0.037,4.568,4.11,3.557,3.099,2.632,2.174,1.611,1.143,0.609,0.008,4.606,3.957,3.585,3.07,2.46,2.174,1.582,1.182,0.666,-0.001
4.644,4.11,3.614,3.118,2.508,2.202,1.716,1.172,0.724,0.085,4.606,4.148,3.633,3.147,2.66,2.24,1.687,1.239,0.695,0.075,4.606,4.129,3.614,3.089,2.632,2.145,1.659,1.143,0.676,-0.02,4.616,3.996,3.509,3.089,2.45,2.212,1.573,1.21,0.695,0.018
4.644,4.12,3.595,3.128,2.508,2.212,1.716,1.182,0.714,0.066,4.625,4.062,3.662,3.166,2.689,2.259,1.716,1.201,0.705,0.085,4.597,4.101,3.585,3.089,2.593,2.145,1.668,1.124,0.676,-0.02,4.625,3.948,3.547,3.042,2.46,2.174,1.601,1.182,0.666,-0.02
4.625,4.129,3.614,3.118,2.508,2.183,1.697,1.201,0.657,0.094,4.644,4.062,3.652,3.137,2.698,2.231,1.687,1.182,0.686,0.075,4.558,4.091,3.595,3.07,2.593,2.155,1.639,1.143,0.647,0.008,4.597,3.957,3.538,3.089,2.469,2.212,1.582,1.191,0.657,0.018
4.654,4.11,3.614,3.118,2.479,2.259,1.716,1.191,0.657,0.085,4.568,4.043,3.652,3.185,2.66,2.259,1.725,1.172,0.705,0.094,4.587,4.081,3.538,3.099,2.66,2.193,1.63,1.163,0.647,0.018,4.597,3.938,3.538,3.042,2.45,2.193,1.563,1.21,0.657,-0.001
4.616,4.139,3.633,3.108,2.517,2.193,1.706,1.201,0.705,0.123,4.625,4.072,3.652,3.147,2.67,2.25,1.697,1.201,0.705,0.066,4.577,4.12,3.576,3.108,2.622,2.135,1.63,1.143,0.657,0.018,4.597,3.929,3.547,3.099,2.422,2.183,1.554,1.191,0.657,-0.02
4.625,4.11,3.624,3.108,2.46,2.231,1.687,1.172,0.714,0.075,4.606,4.081,3.614,3.175,2.708,2.259,1.735,1.229,0.686,0.066,4.587,4.072,3.576,3.07,2.67,2.174,1.601,1.124,0.647,0.008,4.625,3.957,3.547,3.061,2.45,2.202,1.573,1.201,0.638,-0.011
4.635,4.12,3.614,3.128,2.527,2.212,1.706,1.172,0.686,0.085,4.644,4.072,3.652,3.175,2.756,2.259,1.716,1.22,0.695,0.056,4.549,4.072,3.547,3.099,2.603,2.164,1.63,1.096,0.609,0.008,4.597,3.996,3.557,3.061,2.441,2.193,1.573,1.21,0.647,-0.001
4.644,4.12,3.604,3.137,2.517,2.193,1.697,1.182,0.752,0.066,4.644,4.091,3.643,3.175,2.717,2.279,1.706,1.22,0.657,0.056,4.558,4.12,3.557,3.099,2.632,2.155,1.592,1.143,0.628,-0.001,4.625,3.948,3.547,3.07,2.45,2.212,1.582,1.201,0.647,-0.02
4.635,4.12,3.614,3.128,2.517,2.202,1.668,1.153,0.686,0.113,4.616,4.024,3.652,3.175,2.736,2.259,1.697,1.21,0.705,0.056,4.558,4.101,3.538,3.108,2.612,2.174,1.63,1.124,0.638,0.037,4.625,3.967,3.538,3.089,2.469,2.193,1.573,1.182,0.666,-0.001
4.625,4.11,3.624,3.118,2.527,2.221,1.668,1.191,0.686,0.046,4.625,4.062,3.652,3.166,2.736,2.231,1.716,1.201,0.724,0.104,4.558,4.081,3.566,3.07,2.584,2.164,1.592,1.143,0.609,0.027,4.587,3.977,3.538,3.07,2.45,2.174,1.573,1.182,0.705,-0.011
4.625,4.12,3.652,3.099,2.527,2.212,1.697,1.201,0.619,0.123,4.635,4.062,3.633,3.185,2.698,2.259,1.697,1.21,0.686,0.066,4.577,4.081,3.595,3.07,2.698,2.183,1.582,1.124,0.619,-0.001,4.635,3.938,3.557,3.07,2.46,2.174,1.582,1.191,0.657,-0.001
4.644,4.12,3.604,3.108,2.527,2.183,1.716,1.163,0.666,0.113,4.616,4.043,3.624,3.156,2.679,2.279,1.687,1.191,0.705,0.046,4.549,4.101,3.585,3.07,2.679,2.183,1.592,1.124,0.628,0.018,4.654,3.938,3.528,3.061,2.45,2.212,1.582,1.182,0.657,-0.011
4.644,4.167,3.614,3.118,2.508,2.212,1.697,1.143,0.695,0.085,4.606,4.129,3.633,3.175,2.717,2.25,1.706,1.21,0.714,0.046,4.558,4.11,3.595,3.108,2.593,2.164,1.582,1.134,0.647,0.037,4.597,3.957,3.538,3.07,2.45,2.193,1.592,1.21,0.666,0.008
4.625,4.177,3.614,3.108,2.488,2.212,1.716,1.191,0.628,0.142,4.597,4.072,3.643,3.147,2.698,2.269,1.706,1.21,0.733,0.056,4.597,4.11,3.538,3.089,2.622,2.193,1.582,1.143,0.647,0.008,4.635,3.986,3.557,3.07,2.45,2.212,1.582,1.201,0.628,-0.001
4.635,4.148,3.604,3.108,2.527,2.164,1.678,1.182,0.666,0.056,4.635,4.043,3.633,3.128,2.717,2.231,1.706,1.201,0.676,0.066,4.577,4.081,3.547,3.108,2.603,2.174,1.582,1.134,0.647,0.008,4.606,3.948,3.547,3.07,2.469,2.183,1.554,1.201,0.676,-0.001
4.635,4.148,3.604,3.108,2.517,2.193,1.706,1.191,0.733,0.056,4.644,4.043,3.643,3.175,2.736,2.259,1.687,1.22,0.686,0.056,4.568,4.072,3.547,3.07,2.679,2.164,1.611,1.124,0.609,0.027,4.577,3.977,3.547,3.07,2.45,2.183,1.582,1.21,0.695,-0.011
4.644,4.148,3.624,3.099,2.527,2.202,1.678,1.191,0.695,0.17,4.625,4.081,3.643,3.166,2.727,2.259,1.716,1.22,0.666,0.046,4.568,4.12,3.566,3.07,2.593,2.164,1.592,1.124,0.638,0.037,4.625,3.929,3.528,3.061,2.45,2.193,1.611,1.191,0.657,-0.02
4.663,4.12,3.643,3.118,2.527,2.231,1.716,1.182,0.724,0.075,4.625,4.062,3.633,3.147,2.727,2.259,1.697,1.229,0.724,0.056,4.597,4.158,3.604,3.089,2.632,2.145,1.592,1.115,0.695,0.056,4.597,3.957,3.538,3.07,2.441,2.183,1.601,1.182,0.676,0.008
4.654,4.101,3.624,3.108,2.527,2.212,1.706,1.182,0.743,0.123,4.616,4.091,3.662,3.147,2.736,2.221,1.725,1.22,0.705,0.056,4.568,4.053,3.566,3.089,2.66,2.145,1.611,1.105,0.647,-0.011,4.625,3.948,3.528,3.08,2.441,2.183,1.544,1.182,0.695,0.008
4.635,4.139,3.624,3.099,2.508,2.193,1.706,1.172,0.686,0.066,4.644,4.11,3.652,3.185,2.698,2.259,1.716,1.22,0.705,0.056,4.568,4.091,3.547,3.089,2.651,2.164,1.62,1.163,0.628,-0.03,4.587,3.977,3.566,3.061,2.45,2.202,1.582,1.201,0.657,-0.011
