U0U1_v1,U0U1_v2,U0U1_v3,U0U1_v4,U0U1_v5,U0U1_v6,U0U1_v7,U0U1_v8,U0U1_v9,U0U1_v10,U1U2_v1,U1U2_v2,U1U2_v3,U1U2_v4,U1U2_v5,U1U2_v6,U1U2_v7,U1U2_v8,U1U2_v9,U1U2_v10,U2U3_v1,U2U3_v2,U2U3_v3,U2U3_v4,U2U3_v5,U2U3_v6,U2U3_v7,U2U3_v8,U2U3_v9,U2U3_v10
4.662,4.131,3.552,3.106,2.536,2.052,1.615,1.055,0.571,0.163,4.511,3.998,3.504,2.992,2.489,1.985,1.444,0.998,0.467,0.049,4.482,4.026,3.362,2.973,2.451,1.966,1.463,0.998,0.467,0.096
4.624,4.131,3.533,3.077,2.564,2.061,1.587,1.084,0.628,0.182,4.501,3.979,3.495,2.992,2.46,1.966,1.482,0.96,0.457,0.087,4.492,4.026,3.39,3.011,2.489,1.976,1.463,0.96,0.476,0.077
4.624,4.121,3.533,3.096,2.527,2.061,1.558,1.084,0.561,0.125,4.52,3.941,3.504,3.001,2.46,1.957,1.444,0.989,0.495,0.077,4.482,4.036,3.371,2.992,2.47,1.976,1.406,0.989,0.467,0.039
4.586,4.121,3.561,3.077,2.555,2.09,1.606,1.055,0.571,0.125,4.511,3.998,3.495,2.982,2.47,1.938,1.501,0.989,0.467,0.049,4.52,4.045,3.362,3.03,2.489,1.947,1.463,0.979,0.467,0.03
4.634,4.112,3.523,3.077,2.536,2.033,1.587,1.074,0.571,0.134,4.511,3.998,3.476,2.982,2.47,1.985,1.454,0.989,0.467,0.049,4.53,4.026,3.381,3.011,2.47,1.985,1.473,0.97,0.495,0.068
4.624,4.14,3.523,3.096,2.564,2.052,1.596,1.055,0.58,0.172,4.511,3.998,3.495,2.982,2.479,1.985,1.454,0.989,0.429,0.106,4.492,4.064,3.409,3.001,2.479,1.985,1.473,0.989,0.476,0.077
4.662,4.14,3.561,3.077,2.536,2.09,1.615,1.046,0.58,0.153,4.511,4.007,3.523,3.02,2.489,1.995,1.463,0.97,0.505,0.087,4.501,4.036,3.343,2.982,2.479,1.966,1.454,0.998,0.467,0.049
4.605,4.102,3.552,3.115,2.546,2.09,1.596,1.074,0.599,0.163,4.482,3.969,3.485,3.001,2.489,1.976,1.444,0.989,0.467,0.125,4.511,4.074,3.371,3.001,2.47,1.966,1.463,0.979,0.467,0.087
4.605,4.15,3.542,3.068,2.536,2.061,1.587,1.055,0.599,0.115,4.53,3.969,3.495,3.001,2.46,1.985,1.463,0.979,0.495,0.087,4.501,4.055,3.4,2.992,2.479,1.976,1.463,0.96,0.486,0.068
4.653,4.14,3.561,3.058,2.527,2.061,1.587,1.017,0.599,0.163,4.501,3.979,3.495,3.011,2.489,1.957,1.463,0.989,0.476,0.03,4.52,4.017,3.409,2.982,2.489,1.966,1.444,0.97,0.476,0.068
4.653,4.131,3.561,3.096,2.555,2.071,1.577,1.055,0.561,0.115,4.501,3.988,3.514,3.011,2.479,1.985,1.454,0.96,0.486,0.068,4.511,4.045,3.381,2.982,2.479,1.957,1.454,0.97,0.467,0.068
4.653,4.15,3.561,3.077,2.555,2.052,1.587,1.065,0.599,0.134,4.53,3.979,3.485,3.001,2.441,1.947,1.473,0.989,0.467,0.087,4.492,4.036,3.371,3.001,2.489,1.966,1.473,0.979,0.495,0.096
4.615,4.102,3.523,3.096,2.555,2.061,1.587,1.093,0.561,0.153,4.511,3.988,3.495,3.011,2.489,1.957,1.454,0.97,0.438,0.087,4.511,4.036,3.352,3.001,2.46,1.976,1.444,0.998,0.476,0.077
4.596,4.14,3.542,3.077,2.546,2.052,1.587,1.027,0.552,0.153,4.511,3.979,3.504,2.982,2.489,1.976,1.454,0.941,0.476,0.03,4.52,4.036,3.381,2.982,2.479,1.947,1.473,0.97,0.448,0.096
4.615,4.121,3.542,3.077,2.527,2.118,1.587,1.046,0.571,0.106,4.53,3.96,3.476,3.011,2.489,1.985,1.482,0.97,0.486,0.058,4.53,4.045,3.4,3.011,2.479,1.966,1.444,0.979,0.476,0.049
4.605,4.14,3.561,3.087,2.536,2.071,1.558,1.074,0.542,0.125,4.52,3.988,3.495,2.992,2.498,1.995,1.454,0.97,0.486,0.049,4.511,4.026,3.39,3.001,2.498,1.957,1.444,0.941,0.495,0.058
4.624,4.121,3.542,3.068,2.546,2.08,1.577,1.055,0.561,0.134,4.511,3.969,3.495,3.011,2.498,1.995,1.463,0.998,0.476,0.058,4.52,4.026,3.381,2.992,2.479,1.957,1.463,0.989,0.486,0.049
4.615,4.102,3.552,3.068,2.546,2.08,1.549,1.055,0.58,0.106,4.501,3.988,3.495,3.001,2.489,1.985,1.425,0.97,0.476,0.058,4.52,4.026,3.381,3.03,2.479,1.966,1.463,0.979,0.467,0.058
4.634,4.121,3.561,3.106,2.546,2.09,1.587,1.065,0.571,0.182,4.52,3.979,3.504,3.011,2.47,1.985,1.473,0.989,0.476,0.077,4.53,4.036,3.409,3.011,2.479,1.985,1.463,0.989,0.486,0.049
4.615,4.121,3.542,3.077,2.546,2.071,1.568,1.074,0.599,0.153,4.511,3.979,3.504,3.011,2.498,1.995,1.454,0.97,0.542,0.068,4.539,4.045,3.371,3.001,2.47,1.985,1.473,0.97,0.476,0.049
4.643,4.131,3.533,3.087,2.546,2.061,1.568,1.046,0.59,0.115,4.511,3.96,3.514,3.011,2.489,1.985,1.454,0.989,0.476,0.039,4.539,4.036,3.381,3.02,2.489,1.995,1.454,0.97,0.438,0.077
4.605,4.131,3.523,3.058,2.536,2.042,1.587,1.065,0.561,0.125,4.53,4.007,3.476,2.992,2.489,1.985,1.463,0.979,0.448,0.058,4.53,4.036,3.4,2.982,2.451,1.985,1.454,0.989,0.467,0.096
4.624,4.15,3.561,3.106,2.564,2.09,1.577,1.046,0.59,0.144,4.52,3.988,3.504,2.992,2.47,1.976,1.435,0.96,0.467,0.03,4.53,4.026,3.381,3.02,2.479,1.976,1.473,0.979,0.457,0.049
4.634,4.15,3.571,3.087,2.546,2.061,1.568,1.074,0.59,0.163,4.511,3.96,3.495,3.001,2.365,1.966,1.435,0.96,0.495,0.068,4.53,4.007,3.381,3.03,2.46,1.985,1.463,0.951,0.467,0.077
4.643,4.14,3.571,3.087,2.546,2.061,1.615,1.055,0.571,0.134,4.511,3.988,3.504,3.011,2.47,1.976,1.482,0.998,0.486,0.087,4.52,4.017,3.39,3.001,2.489,1.976,1.463,0.979,0.467,0.058
4.643,4.131,3.552,3.106,2.527,2.052,1.587,1.055,0.618,0.153,4.501,3.988,3.476,2.973,2.46,2.014,1.435,0.97,0.467,0.039,4.549,4.036,3.371,3.03,2.479,1.976,1.444,0.979,0.476,0.106
4.653,4.188,3.571,3.096,2.546,2.061,1.577,1.046,0.552,0.096,4.511,3.988,3.495,3.03,2.479,1.966,1.473,0.96,0.476,0.03,4.53,4.045,3.362,3.001,2.489,1.966,1.463,0.951,0.495,0.087
4.624,4.131,3.533,3.087,2.546,2.071,1.577,1.065,0.59,0.153,4.511,4.007,3.495,3.001,2.489,1.995,1.463,0.998,0.505,0.03,4.52,4.045,3.381,3.011,2.479,1.985,1.482,0.989,0.457,0.106
4.605,4.112,3.561,3.106,2.555,2.052,1.587,1.046,0.571,0.115,4.492,3.969,3.514,3.001,2.479,1.966,1.435,0.951,0.486,0.096,4.473,4.007,3.39,2.992,2.489,1.976,1.454,0.96,0.505,0.087
4.615,4.121,3.523,3.087,2.546,2.052,1.568,1.055,0.599,0.106,4.511,3.969,3.495,3.011,2.47,1.995,1.435,0.97,0.457,0.077,4.539,4.055,3.39,3.001,2.479,1.985,1.444,0.979,0.467,0.096
4.615,4.169,3.552,3.096,2.546,2.08,1.587,1.074,0.59,0.115,4.511,3.969,3.495,2.982,2.46,1.985,1.492,1.008,0.429,0.058,4.52,4.036,3.409,3.001,2.46,1.957,1.444,0.96,0.467,0.106
4.615,4.093,3.552,3.087,2.564,2.08,1.568,1.055,0.58,0.144,4.511,3.988,3.495,3.011,2.479,1.995,1.473,0.951,0.495,0.068,4.549,4.045,3.371,2.982,2.46,1.985,1.444,0.989,0.457,0.068
4.643,4.121,3.561,3.087,2.555,2.061,1.606,1.055,0.561,0.134,4.53,3.95,3.495,2.992,2.479,2.004,1.463,0.989,0.514,0.087,4.52,3.998,3.39,2.992,2.479,1.976,1.463,0.979,0.476,0.068
4.624,4.121,3.542,3.087,2.546,2.08,1.596,1.065,0.59,0.163,4.52,3.941,3.495,3.011,2.489,1.985,1.454,0.989,0.505,0.058,4.482,4.026,3.352,3.011,2.47,1.985,1.454,0.998,0.514,0.068
4.643,4.112,3.542,3.077,2.555,2.08,1.596,1.065,0.571,0.144,4.53,3.979,3.485,3.011,2.498,1.947,1.454,0.932,0.448,0.096,4.492,4.007,3.39,3.001,2.489,1.985,1.473,0.979,0.495,0.077
4.634,4.131,3.533,3.077,2.574,2.09,1.615,1.074,0.599,0.115,4.511,4.026,3.495,3.001,2.479,1.957,1.482,0.989,0.505,0.096,4.501,4.036,3.39,3.011,2.479,1.966,1.463,0.979,0.467,0.058
4.624,4.131,3.552,3.096,2.564,2.08,1.568,1.046,0.59,0.125,4.52,3.979,3.504,2.992,2.479,1.995,1.473,0.979,0.476,0.058,4.501,4.064,3.381,2.992,2.489,1.966,1.463,0.97,0.486,0.087
4.634,4.112,3.542,3.096,2.546,2.09,1.596,1.046,0.561,0.153,4.53,3.988,3.504,2.992,2.46,1.957,1.492,0.989,0.505,0.068,4.558,4.017,3.362,2.992,2.489,1.947,1.444,0.989,0.467,0.068
4.662,4.131,3.542,3.077,2.546,2.09,1.615,1.046,0.58,0.163,4.539,3.998,3.476,3.011,2.498,1.985,1.473,0.979,0.467,0.068,4.511,4.036,3.362,3.001,2.489,1.947,1.473,0.979,0.438,0.068
4.634,4.14,3.552,3.068,2.546,2.08,1.596,1.046,0.599,0.125,4.549,3.969,3.485,3.001,2.47,1.966,1.454,0.97,0.505,0.096,4.52,3.998,3.4,3.001,2.451,1.976,1.444,0.979,0.457,0.096
4.605,4.112,3.552,3.087,2.536,2.099,1.587,1.065,0.609,0.153,4.53,3.979,3.495,2.992,2.498,1.985,1.444,0.989,0.476,0.039,4.511,4.055,3.409,3.011,2.47,1.976,1.444,1.008,0.467,0.077
4.634,4.15,3.571,3.068,2.555,2.061,1.606,1.046,0.561,0.144,4.52,3.979,3.457,3.011,2.47,1.985,1.435,0.979,0.542,0.049,4.52,4.036,3.362,3.001,2.46,1.966,1.454,0.97,0.467,0.077
4.624,4.169,3.533,3.058,2.574,2.08,1.606,1.084,0.561,0.144,4.52,3.988,3.495,2.992,2.46,1.985,1.454,0.979,0.467,0.049,4.511,4.045,3.381,3.011,2.489,1.928,1.473,0.979,0.467,0.087
4.634,4.14,3.533,3.087,2.536,2.09,1.587,1.093,0.571,0.134,4.511,3.988,3.504,3.001,2.489,1.957,1.425,0.951,0.486,0.087,4.511,4.045,3.39,2.992,2.489,1.976,1.482,0.97,0.448,0.068
4.643,4.14,3.523,3.068,2.555,2.061,1.558,1.036,0.571,0.163,4.53,3.969,3.514,2.992,2.479,1.985,1.492,0.97,0.448,0.087,4.492,4.007,3.371,3.011,2.498,1.985,1.435,1.008,0.467,0.087
4.624,4.112,3.552,3.087,2.564,2.014,1.577,1.046,0.609,0.144,4.539,3.95,3.476,3.011,2.479,1.966,1.482,0.96,0.476,0.068,4.52,4.064,3.381,2.992,2.47,1.976,1.454,0.97,0.476,0.096
4.624,4.14,3.533,3.068,2.546,2.061,1.587,1.065,0.628,0.115,4.511,3.998,3.495,3.001,2.489,1.966,1.454,0.989,0.523,0.077,4.539,4.026,3.381,3.02,2.46,1.966,1.473,0.97,0.457,0.058
4.653,4.169,3.571,3.106,2.555,2.071,1.596,1.027,0.571,0.134,4.511,3.998,3.485,2.973,2.46,1.938,1.454,1.008,0.486,0.02,4.558,4.045,3.352,3.011,2.479,1.995,1.444,0.96,0.457,0.106
4.596,4.131,3.533,3.068,2.536,2.09,1.587,1.046,0.59,0.115,4.549,3.988,3.476,2.982,2.46,1.957,1.425,0.979,0.505,0.039,4.539,4.007,3.4,3.001,2.489,1.966,1.473,0.989,0.486,0.096
4.653,4.15,3.523,3.087,2.564,2.08,1.606,1.065,0.552,0.163,4.53,3.96,3.476,3.001,2.46,1.985,1.463,0.979,0.467,0.077,4.52,4.055,3.352,3.011,2.479,1.957,1.444,0.979,0.476,0.068
4.624,4.131,3.533,3.096,2.536,2.033,1.568,1.074,0.609,0.125,4.558,3.988,3.504,3.03,2.46,1.928,1.482,0.97,0.476,0.087,4.53,4.026,3.39,3.001,2.498,2.004,1.444,0.96,0.486,0.096
4.596,4.15,3.533,3.087,2.555,2.052,1.587,1.046,0.59,0.144,4.549,3.969,3.504,3.001,2.479,1.976,1.444,0.989,0.448,0.096,4.53,4.083,3.39,3.001,2.489,1.976,1.425,0.951,0.457,0.077
4.662,4.14,3.533,3.077,2.546,2.071,1.568,1.084,0.561,0.125,4.53,3.969,3.504,2.982,2.47,1.995,1.444,0.96,0.448,0.068,4.558,4.074,3.362,3.039,2.489,1.947,1.482,0.989,0.476,0.068
4.634,4.15,3.533,3.087,2.546,2.09,1.596,1.065,0.599,0.106,4.52,3.969,3.504,2.992,2.479,1.947,1.482,0.96,0.476,0.039,4.511,4.045,3.343,3.011,2.479,1.976,1.454,0.989,0.457,0.087
4.634,4.102,3.571,3.115,2.536,2.052,1.587,1.055,0.609,0.134,4.511,3.941,3.504,2.992,2.47,1.957,1.454,0.97,0.505,0.02,4.52,4.045,3.362,2.992,2.489,1.966,1.454,0.96,0.476,0.087
4.624,4.169,3.561,3.077,2.555,2.052,1.587,1.046,0.59,0.153,4.539,3.979,3.485,3.001,2.479,2.014,1.482,0.998,0.505,0.077,4.549,4.064,3.381,3.02,2.489,1.985,1.454,0.989,0.486,0.077
4.596,4.121,3.552,3.077,2.564,2.08,1.577,1.055,0.59,0.134,4.53,3.969,3.495,3.001,2.47,1.985,1.482,0.97,0.514,0.049,4.52,4.045,3.4,2.992,2.479,1.985,1.473,0.989,0.505,0.077
4.624,4.121,3.523,3.068,2.546,2.109,1.577,1.065,0.58,0.106,4.52,3.998,3.495,3.011,2.479,1.957,1.482,0.97,0.486,0.077,4.52,4.036,3.39,2.992,2.479,1.995,1.425,1.008,0.457,0.039
4.643,4.15,3.561,3.077,2.546,2.071,1.596,1.036,0.58,0.115,4.53,3.979,3.476,3.03,2.46,2.004,1.473,0.97,0.467,0.039,4.53,4.036,3.371,3.011,2.489,1.976,1.463,0.989,0.467,0.077
4.653,4.093,3.542,3.068,2.564,2.09,1.549,1.065,0.599,0.163,4.539,3.969,3.504,2.992,2.47,1.947,1.435,0.979,0.495,0.058,4.511,4.055,3.39,3.011,2.498,1.985,1.444,0.932,0.467,0.096
4.643,4.14,3.542,3.106,2.564,2.08,1.568,1.046,0.561,0.115,4.52,4.007,3.466,2.982,2.479,1.985,1.482,0.96,0.486,0.077,4.492,4.036,3.4,3.001,2.479,1.947,1.473,0.979,0.486,0.087
4.643,4.121,3.58,3.087,2.536,2.071,1.549,1.046,0.571,0.134,4.53,3.998,3.466,2.992,2.47,1.957,1.444,0.97,0.476,0.049,4.511,4.017,3.381,3.001,2.489,1.957,1.482,0.97,0.476,0.087
4.653,4.131,3.542,3.068,2.574,2.071,1.625,1.046,0.571,0.106,4.539,4.007,3.504,3.011,2.47,1.976,1.454,0.998,0.467,0.058,4.511,4.017,3.409,3.011,2.451,1.957,1.463,0.989,0.467,0.106
4.624,4.131,3.552,3.077,2.564,2.071,1.577,1.065,0.58,0.134,4.53,4.007,3.504,3.02,2.479,1.985,1.444,0.998,0.486,0.058,4.52,4.026,3.381,3.02,2.47,1.985,1.463,0.998,0.467,0.087
4.634,4.131,3.523,3.068,2.564,2.08,1.615,1.084,0.58,0.153,4.53,3.979,3.495,2.992,2.479,2.004,1.473,0.96,0.476,0.039,4.52,4.045,3.362,3.011,2.479,1.976,1.435,0.97,0.448,0.106
4.615,4.15,3.533,3.087,2.564,2.099,1.568,1.065,0.571,0.134,4.492,3.979,3.504,2.982,2.46,1.995,1.473,0.989,0.467,0.096,4.511,4.017,3.343,3.02,2.498,1.985,1.463,0.998,0.457,0.068
4.653,4.14,3.552,3.068,2.564,2.052,1.587,1.074,0.552,0.125,4.511,3.95,3.466,3.011,2.479,1.947,1.473,0.998,0.523,0.02,4.539,4.064,3.381,3.001,2.47,1.919,1.463,0.97,0.467,0.106
4.615,4.14,3.561,3.087,2.546,2.042,1.606,1.084,0.552,0.163,4.511,3.96,3.495,3.001,2.479,1.966,1.463,0.989,0.476,0.049,4.53,4.017,3.381,2.973,2.479,1.957,1.482,0.979,0.486,0.087
4.643,4.15,3.552,3.068,2.546,2.071,1.568,1.055,0.561,0.172,4.53,3.988,3.523,3.011,2.47,1.928,1.435,0.941,0.495,0.068,4.511,4.026,3.39,3.011,2.479,1.985,1.473,0.989,0.467,0.077
4.662,4.131,3.571,3.096,2.536,2.08,1.549,1.084,0.599,0.134,4.492,3.969,3.504,3.02,2.479,2.004,1.492,0.979,0.495,0.058,4.52,4.045,3.39,2.992,2.46,1.985,1.473,0.97,0.486,0.096
4.653,4.14,3.542,3.106,2.546,2.061,1.587,1.055,0.609,0.182,4.501,3.979,3.485,2.992,2.479,1.995,1.463,0.998,0.448,0.03,4.511,4.045,3.362,3.011,2.479,1.919,1.492,0.951,0.467,0.068
4.643,4.15,3.533,3.068,2.555,2.071,1.577,1.046,0.552,0.134,4.53,4.007,3.495,3.011,2.47,1.985,1.482,0.96,0.457,0.068,4.549,4.036,3.381,3.011,2.47,1.976,1.463,0.97,0.448,0.058
4.615,4.14,3.552,3.049,2.555,2.09,1.596,1.036,0.571,0.163,4.52,3.979,3.504,3.001,2.489,1.976,1.454,0.979,0.505,0.096,4.539,4.045,3.381,3.001,2.489,1.985,1.444,0.941,0.505,0.096
4.643,4.14,3.571,3.106,2.555,2.071,1.596,1.074,0.59,0.106,4.558,4.007,3.504,2.992,2.47,1.966,1.463,0.97,0.495,0.039,4.539,4.064,3.371,3.001,2.479,1.957,1.444,1.008,0.476,0.058
4.634,4.15,3.533,3.087,2.574,2.099,1.606,1.065,0.59,0.115,4.511,3.96,3.504,3.011,2.479,1.957,1.454,0.97,0.476,0.077,4.539,4.045,3.352,3.02,2.46,1.985,1.435,0.951,0.467,0.049
4.605,4.131,3.542,3.087,2.555,2.042,1.596,1.084,0.59,0.144,4.53,4.007,3.504,3.001,2.489,1.957,1.454,0.97,0.486,0.096,4.52,4.026,3.371,2.992,2.46,1.947,1.473,0.97,0.486,0.087
4.634,4.159,3.523,3.077,2.564,2.071,1.606,1.055,0.571,0.153,4.511,3.969,3.523,2.992,2.479,1.938,1.463,0.951,0.476,0.039,4.549,4.007,3.39,2.982,2.489,1.938,1.444,0.97,0.467,0.106
4.615,4.169,3.561,3.068,2.574,2.109,1.558,1.074,0.618,0.134,4.511,3.969,3.504,3.011,2.489,1.985,1.463,0.989,0.505,0.039,4.511,4.007,3.409,3.011,2.479,1.985,1.463,0.998,0.448,0.087
4.643,4.159,3.514,3.087,2.536,2.08,1.577,1.027,0.599,0.134,4.549,3.998,3.495,3.011,2.46,1.957,1.454,1.008,0.476,0.087,4.482,4.017,3.371,3.011,2.489,1.957,1.482,1.008,0.467,0.087
4.653,4.131,3.552,3.077,2.564,2.09,1.606,1.055,0.609,0.182,4.53,3.969,3.495,3.011,2.479,1.966,1.444,0.951,0.457,0.077,4.558,4.045,3.409,2.992,2.489,1.985,1.463,0.951,0.467,0.087
4.634,4.15,3.552,3.087,2.546,2.052,1.587,1.046,0.571,0.106,4.539,3.988,3.504,2.992,2.489,1.995,1.463,1.008,0.505,0.049,4.52,4.055,3.362,2.992,2.479,1.985,1.473,0.96,0.476,0.068
4.634,4.169,3.552,3.077,2.536,2.042,1.615,1.065,0.609,0.125,4.501,3.979,3.495,2.992,2.489,1.966,1.435,0.951,0.486,0.087,4.53,4.045,3.371,3.011,2.47,1.976,1.454,0.979,0.476,0.087
4.624,4.112,3.561,3.068,2.564,2.052,1.577,1.036,0.561,0.172,4.53,3.988,3.495,2.982,2.479,1.976,1.473,0.96,0.476,0.106,4.539,4.045,3.39,2.992,2.46,1.947,1.473,0.989,0.495,0.077
4.605,4.102,3.552,3.096,2.546,2.071,1.596,1.055,0.58,0.106,4.511,3.969,3.523,2.982,2.46,1.995,1.463,0.96,0.457,0.077,4.501,4.036,3.39,3.011,2.489,1.985,1.454,0.96,0.505,0.049
4.643,4.112,3.542,3.087,2.546,2.08,1.549,1.027,0.59,0.134,4.53,3.979,3.495,3.001,2.47,1.966,1.482,0.97,0.495,0.096,4.52,4.055,3.4,3.011,2.47,1.957,1.463,0.979,0.486,0.087
4.586,4.112,3.542,3.068,2.536,2.042,1.587,1.093,0.58,0.115,4.511,3.998,3.504,3.001,2.479,1.957,1.492,0.979,0.533,0.058,4.52,4.064,3.362,3.03,2.489,1.985,1.444,0.989,0.486,0.058
4.643,4.121,3.542,3.068,2.574,2.09,1.577,1.046,0.571,0.134,4.501,3.988,3.504,2.982,2.479,1.947,1.473,0.951,0.495,0.106,4.52,4.026,3.39,3.001,2.479,1.985,1.435,0.97,0.467,0.096
4.615,4.112,3.542,3.087,2.583,2.099,1.577,1.055,0.552,0.106,4.492,3.979,3.504,3.011,2.479,1.985,1.463,0.951,0.486,0.039,4.511,4.026,3.352,3.02,2.46,1.966,1.444,0.989,0.467,0.068
4.643,4.15,3.533,3.115,2.564,2.061,1.615,1.074,0.59,0.182,4.511,3.969,3.504,3.011,2.479,1.976,1.463,0.96,0.505,0.087,4.52,4.074,3.39,3.02,2.479,1.976,1.482,0.97,0.505,0.068
4.624,4.131,3.533,3.087,2.564,2.08,1.587,1.055,0.609,0.163,4.539,3.979,3.514,3.02,2.46,1.995,1.454,0.97,0.505,0.077,4.52,4.055,3.4,3.001,2.47,1.976,1.482,0.989,0.467,0.087
4.615,4.15,3.542,3.125,2.574,2.061,1.577,1.055,0.59,0.125,4.511,3.979,3.523,2.992,2.46,1.985,1.444,0.998,0.476,0.077,4.52,4.007,3.409,3.02,2.46,1.966,1.454,0.913,0.467,0.058
4.653,4.112,3.561,3.115,2.564,2.061,1.587,1.055,0.571,0.106,4.52,3.988,3.523,3.02,2.508,1.995,1.435,0.97,0.486,0.096,4.52,4.036,3.371,3.02,2.47,1.957,1.473,0.941,0.523,0.058
4.624,4.121,3.561,3.068,2.564,2.071,1.587,1.065,0.561,0.201,4.511,3.988,3.523,3.011,2.47,1.957,1.473,0.922,0.486,0.058,4.53,4.007,3.39,3.001,2.479,1.976,1.473,0.979,0.457,0.077
4.643,4.102,3.552,3.077,2.546,2.052,1.615,1.046,0.609,0.172,4.53,3.969,3.495,3.001,2.47,1.985,1.463,0.951,0.467,0.115,4.482,4.026,3.371,2.963,2.479,1.966,1.473,0.979,0.476,0.106
4.624,4.112,3.533,3.096,2.546,2.09,1.577,1.065,0.609,0.144,4.539,3.969,3.495,3.001,2.47,2.004,1.482,0.998,0.476,0.077,4.539,4.064,3.39,3.011,2.47,1.957,1.454,0.951,0.457,0.087
4.643,4.131,3.523,3.115,2.564,2.118,1.558,1.084,0.59,0.134,4.539,3.988,3.514,2.982,2.46,1.947,1.463,0.96,0.505,0.049,4.53,4.045,3.381,3.011,2.46,1.976,1.444,0.989,0.457,0.077
4.634,4.14,3.561,3.087,2.527,2.08,1.596,1.046,0.628,0.144,4.52,3.979,3.504,2.973,2.47,1.985,1.444,0.998,0.467,0.106,4.511,4.045,3.371,2.982,2.46,1.966,1.492,0.979,0.476,0.096
4.596,4.093,3.552,3.077,2.574,2.099,1.577,1.065,0.561,0.125,4.511,4.017,3.533,3.02,2.489,2.004,1.482,0.998,0.476,0.058,4.52,4.007,3.39,2.992,2.489,1.976,1.463,0.998,0.467,0.077
4.653,4.159,3.552,3.096,2.546,2.052,1.587,1.055,0.609,0.115,4.511,3.998,3.504,2.992,2.489,2.014,1.463,0.989,0.457,0.039,4.549,4.007,3.371,3.02,2.489,1.957,1.454,0.979,0.457,0.106
4.634,4.121,3.542,3.106,2.555,2.061,1.539,1.055,0.542,0.191,4.511,3.969,3.504,3.001,2.47,2.004,1.473,0.97,0.505,0.03,4.511,4.064,3.381,3.001,2.489,1.976,1.473,0.97,0.467,0.087
